spiro[4.4]nona-1-3-6-8-tetraene,0,C9H8,,7.99
Thiophene- 2-3-dihydro-,0,C4H6S,,8.11
1-3-Dithiolane-2-thione,0,C3H4S3,,8.4
1H-Imidazole- 2-methyl-,0,C4H6N2,,8.5
Methyl cyclopropyl ketone,0,C5H8O,,9.46
Thiazole,0,C3H3NS,,9.5
Isoxazole- 5-methyl-,0,C4H5NO,,9.61
Methanedithiol,0,HSCH2SH,,9.9
γ–Butyrolactone,0,C4H6O2,,10.26
Disodium dichloride,0,Na2Cl2,,10.3
H2CPH,0,CH2PH,,10.3
Dimethyl sulfone,0,C2H6O2S,,10.65
Oxirane- (chloromethyl)-,0,C3H5ClO,,10.66
Maleic Anhydride,0,C4H2O3,,11.07
thionyl chloride,0,SOCl2,,11.07
Formic acid dimer,0,C2H4O4,,11.2
chlorosilane,0,SiH3Cl,,11.61
Trichlorosilane,0,SiHCl3,,11.94
Aluminum trifluoride,0,AlF3,,15.45
Phosphorus pentafluoride,0,PF5,,15.54
cycloheptatrienyl radical,0,C7H7,0.39,
Potassium diatomic,0,K2,4.06,
Lithium trimer,0,Li3,4.08,
methyl ammonium radical,0,CH3NH3,4.3,
Potassium atom,0,K,4.34,
Sodium Potassium,0,NaK,4.42,
Sodium diatomic,0,Na2,4.89,
lithium sodium,0,NaLi,5.05,
disodium monoxide,0,Na2O,5.1,
Lithium diatomic,0,Li2,5.11,
Sodium atom,0,Na,5.14,
Lithium atom,0,Li,5.39,
Aluminum diatomic,0,Al2,5.4,
Calcium monofluoride,0,CaF,5.83,
Calcium monohydride,0,CaH,5.86,
calcium monochloride,0,CaCl,5.86,
Calcium monohydroxide,0,CaOH,5.9,
Aluminum atom,0,Al,5.99,
Gallium atom,0,Ga,6,
dilithium oxide,0,Li2O,6,
Titanium monohydride,0,TiH,6,
Calcium atom,0,Ca,6.11,6.11
Scandium monofluoride,0,ScF,6.5,
Scandium atom,0,Sc,6.56,
cyclopropenyl radical,0,C3H3,6.6,
1-hydroxy-ethyl radical,0,CH3CHOH,6.64,7.29
2-Methylbut-2-yl radical,0,C5H11,6.65,6.91
Calcium monoxide,0,CaO,6.66,
Tert-butyl radical,0,C(CH3)3,6.7,6.95
Vanadium atom,0,V,6.75,
Chromium atom,0,Cr,6.77,6.77
Titanium monoxide,0,TiO,6.82,
Titanium atom,0,Ti,6.83,
Tetracene,0,C18H12,6.97,
Acetyl radical,0,CH3CO,7,
Potassium monoxide,0,KO,7.1,
Zinc monomethyl,0,ZnCH3,7.2,
Vanadium monoxide,0,VO,7.24,
benzyl radical,0,C6H5CH2,7.24,
1-3-pentadienyl radical,0,C5H7,7.25,
2-Butyl radical,0,CH3CHCH2CH3,7.25,7.59
Coronene,0,C24H12,7.29,
Triethylenediamine,0,C6H12N2,7.32,
Isopropyl radical,0,CH3CHCH3,7.37,7.67
Disulfide- dimethyl,0,CH3SSCH3,7.4,8.97
sodium monoxide,0,NaO,7.41,
Thioformyl radical,0,HCS,7.41,
Pyrene,0,C16H10,7.43,
Manganese atom,0,Mn,7.43,
Anthracene,0,C14H10,7.44,
Germanium monofluoride,0,GeF,7.46,
magnesium monochloride,0,MgCl,7.49,
Magnesium monofluoride,0,MgF,7.5,
magnesium hydroxide,0,MgOH,7.5,
Potassium hydroxide,0,KOH,7.5,
benzocyclobutadiene,0,C8H6,7.5,
triethylamine,0,C6H15N,7.53,
silicon monofluoride,0,SiF,7.54,
Hydroxymethyl radical,0,CH2OH,7.56,8.14
Buckminsterfullerene,0,C60,7.57,
biphenylene,0,C12H8,7.58,
Nickel atom,0,Ni,7.64,
Magnesium atom,0,Mg,7.65,
1-3-5-Trithiane,0,C3H6S3,7.7,
aniline,0,C6H5NH2,7.72,
Copper atom,0,Cu,7.73,
Boron silicide,0,BSi,7.8,
Dinitrogen monohydride,0,NNH,7.8,
Quadricyclane,0,C7H8,7.8,8.33
Trimethylamine,0,N(CH3)3,7.85,8.54
Cobalt atom,0,Co,7.88,
Silylidyne,0,SiH,7.89,
Iron pentacarbonyl,0,Fe(CO)5,7.9,8.6
Copper diatomic,0,Cu2,7.9,
Germanium atom,0,Ge,7.9,
Lithium Hydride,0,LiH,7.9,
Potassium Bromide,0,KBr,7.9,
Silicon diatomic,0,Si2,7.9,
diethylamine,0,NH(C2H5)2,7.9,
Carbonotrithioic acid- dimethyl ester,0,C3H6S3,7.9,8.5
Iron atom,0,Fe,7.9,
Fluorene,0,C13H10,7.91,
Isobutyl radical,0,CH2CH(CH3)2,7.93,8.31
Germyl radical,0,GeH3,7.95,
1H-Pyrrole- 1-methyl-,0,C5H7N,7.99,
nitrosobenzene,0,C6H5NO,8,
Potassium hydride,0,KH,8,
Bicyclo[2.1.0]pent-2-ene,0,C5H6,8,8.6
1-2-3-6-Tetrahydropyridine,0,C5H9N,8,8.64
Piperidine,0,C5H11N,8.03,8.65
n-Propyl radical,0,C3H7,8.09,8.35
ethanimine,0,CH3CHNH,8.1,
Benzvalene,0,C6H6,8.1,8.54
Hydrazine,0,N2H4,8.1,8.98
Trichloromethyl radical,0,CCl3,8.11,
Ethyl radical,0,C2H5,8.12,8.51
trimethylphosphine,0,P(CH3)3,8.12,
Acenaphthylene,0,C12H8,8.12,
Formyl radical,0,HCO,8.12,9.31
Silyl radical,0,SiH3,8.14,8.74
Indene,0,C9H8,8.14,
naphthalene,0,C10H8,8.14,
Silicon atom,0,Si,8.15,
biphenyl,0,C12H10,8.16,
cyclobutadiene,0,C4H4,8.16,
Allyl radical,0,C3H5,8.18,
Sulfur trifluoride,0,SF3,8.18,
2-4-Hexadiene- (Z-Z)-,0,C6H10,8.18,8.27
Hydrocarboxyl radical,0,HOCO,8.2,
Anisole,0,C6H5OCH3,8.2,
Silicon Germanium,0,SiGe,8.2,
Phosphorus monoselenide,0,PSe,8.2,
2H-Thiopyran- tetrahydro-,0,C5H10S,8.2,8.36
Pyrrole,0,C4H5N,8.21,8.23
beryllium monohydride,0,BeH,8.21,
2-4-Hexadiene- (E-E)-,0,C6H10,8.22,8.22
Dimethylamine,0,CH3NHCH3,8.24,8.95
vinyl,0,C2H3,8.25,
2-4-Hexadiene- (E-Z)-,0,C6H10,8.25,8.25
1-3-Cyclohexadiene,0,C6H8,8.25,8.32
Divinyl sulfide,0,CH2CHSCHCH2,8.25,8.42
2-3-dimethyl-but-2-ene,0,C6H12,8.27,8.3
Boron atom,0,B,8.3,
Sodium Bromide,0,NaBr,8.3,
(E)-hexa-1-3-5-triene,0,C6H8,8.3,
(E)-Azodioxymethane,0,C2H6N2O2,8.3,8.63
Proline,0,C5H9NO2,8.3,9
(Z)-hexa-1-3-5-triene,0,C6H8,8.31,
dichloromethyl radical,0,CHCl2,8.32,
phenyl,0,C6H5,8.32,8.67
Triphenylmethane,0,C19H16,8.34,
Propane- 2-(ethylthio)-,0,C5H12S,8.35,
Ethanethioamide,0,CH3CSNH2,8.35,
2H-Pyran- 3-4-dihydro-,0,C5H8O,8.35,8.6
Fulvene,0,C6H6,8.36,
dimethylselenide,0,CH3SeCH3,8.36,
Ethyl propyl sulfide,0,C5H12S,8.37,
2-methylfuran,0,C5H6O,8.38,
Norbornadiene,0,C7H8,8.38,
Propane- 2-methyl-2-(methylthio)-,0,C5H12S,8.38,
Thiophene- tetrahydro-,0,C4H8S,8.38,8.4
Phosphorus monoxide,0,PO,8.39,
Aluminum monophosphide,0,AlP,8.4,
3-Methylenecyclopentene,0,C6H8,8.4,
Thiophene- 2-5-dihydro-,0,C4H6S,8.4,8.54
Sarcosine,0,CH3NHCH2COOH,8.4,9.2
Pyrrolidine,0,C4H9N,8.41,8.82
Diethyl sulfide,0,C2H5SC2H5,8.42,8.42
lithium oxide,0,LiO,8.44,
2(1H)-Pyridinone,0,C5H5NO,8.45,
2-Butanamine,0,CH3C(NH2)HCH2CH3,8.46,
2-Propanamine- 2-methyl-,0,C(CH3)3NH2,8.46,
Styrene,0,C6H5CHCH2,8.46,8.48
dimethylphosphine,0,CH3PHCH3,8.47,
Acetone enol,0,C3H6O,8.48,
Hexa-1-5-diene-3-yne,0,C6H6,8.5,
azobenzene,0,C12H10N2,8.5,
1-Propanamine- 2-methyl-,0,C(NH2)H2C(CH3)HCH3,8.5,
Thiourea,0,NH2CSNH2,8.5,8.5
phenol,0,C6H5OH,8.51,8.75
3-Ethylthio-1-propene,0,C5H10S,8.51,
1-3-Hexadiene- (E)-,0,C6H10,8.53,8.53
1-3-Hexadiene- (Z)-,0,C6H10,8.54,
1-Propanamine,0,NH2CH2CH2CH3,8.54,9.37
meta-xylene,0,CH3C6H4CH3,8.55,
Ethane- (methylthio)-,0,CH3SCH2CH3,8.55,
phenoxy radical,0,C6H5O,8.56,
1-3-Cyclopentadiene,0,C5H6,8.57,8.61
(Z)-3-methylpent-2-ene,0,C6H12,8.58,
1-2-4-5-Hexatetraene,0,C6H6,8.58,
1-3-Pentadiene- (E)-,0,C5H8,8.59,
Cyclopentene- 1-methyl-,0,C6H10,8.59,
Norbornene,0,C7H10,8.6,
Thioacetone,0,CH3CSCH3,8.6,
Cyclobutylamine,0,C4H9N,8.6,
Ethylenediamine,0,C2H8N2,8.6,
Selenium diatomic,0,Se2,8.6,
cubane,0,C8H8,8.6,9
Thietane,0,C3H6S,8.61,
Thiophene- 2-methyl-,0,C5H6S,8.61,8.59
1-3-Pentadiene- (Z)-,0,C5H8,8.62,8.63
2-Propanamine,0,CH3CH(NH2)CH3,8.63,9.31
1-Propene- 2-methoxy-,0,CH2C(CH3)OCH3,8.64,
3-Methylfuran,0,C5H6O,8.64,
Propargyl radical,0,C3H3,8.67,
pentatetraene,0,C5H4,8.67,
Vinyl ether,0,CH2CHOCHCH2,8.68,
thioformamide,0,CHSNH2,8.69,
2-Butene- 2-methyl-,0,C5H10,8.69,
Dimethyl sulfide,0,CH3SCH3,8.69,8.72
Bicyclo[1.1.0]butane,0,C4H6,8.7,
Propane- 2-(methylthio)-,0,CH3C(SCH3)HCH3,8.7,
Ethenylcyclopropane,0,C5H8,8.7,9.15
Bicyclo[2.1.0]pentane,0,C5H8,8.7,9.5
Cyclopropylacetylene,0,C5H6,8.7,9.58
n-propyl benzene,0,C9H12,8.71,
dimethyl trisulfide,0,CH3SSSCH3,8.73,
1-Butanamine,0,C(NH2)H2CH2CH2CH3,8.73,9.4
Pyridazine,0,C4H4N2,8.74,9.31
Furan- 2-chloro,0,C4H3ClO,8.75,
Diethyl sulfoxide,0,C4H10OS,8.75,8.76
chloromethyl radical,0,CH2Cl,8.75,8.87
Trifluoromethyl radical,0,CF3,8.76,
magnesium oxide,0,MgO,8.76,
Ethylbenzene,0,C6H5CH2CH3,8.77,
aminomethanimine,0,NHCHNH2,8.8,
H2PPH2,0,P2H4,8.8,9.69
β–alanine,0,NH2CH2CH2COOH,8.8,9.7
Cyclopropylamine,0,C3H7N,8.8,9.8
1H-Imidazole,0,C3H4N2,8.81,8.96
phenylacetylene,0,C6H5CCH,8.82,
1-4-Cyclohexadiene,0,C6H8,8.82,8.82
toluene,0,C6H5CH3,8.83,8.82
Thiophene- 3-methyl-,0,C5H6S,8.84,8.7
Acetylacetone,0,C5H8O2,8.85,
Thiirane- methyl-,0,C3H6S,8.85,8.88
Thiophene,0,C4H4S,8.86,8.86
1-3-Butadiene- 2-methyl-,0,C5H8,8.86,8.86
Mononitrogen monosulfide,0,NS,8.87,8.87
Alanine,0,CH3CH(NH2)COOH,8.88,
Furan,0,C4H4O,8.88,8.9
Glycine,0,H2NCH2COOH,8.9,
carbon monochloride,0,CCl,8.9,
1-2-Butadiene- 3-methyl-,0,C5H8,8.9,8.95
2-4-Hexadiyne,0,C6H6,8.9,9.08
Ethylamine,0,CH3CH2NH2,8.9,9.5
1-4-dichlorobenzene,0,C6H4Cl2,8.92,
silicon dihydride,0,SiH2,8.92,
2-Pyridinol,0,C5H5NO,8.94,
Methylketene,0,C3H4O,8.95,
Cyclopentene- 3-methyl-,0,C6H10,8.95,
cyclohexene,0,C6H10,8.95,9.09
selenophene,0,C4H4Se,8.96,
monoethanolamine,0,HOCH2CH2NH2,8.96,
Ethene- ethoxy-,0,C2H3OC2H5,8.98,
1-4-Hexadiene- (E)-,0,C6H10,8.98,
Cyclopropane- 1-1-dimethyl-,0,C5H10,8.98,9.8
diazomethane,0,CH2NN,9,
dimethyl zinc,0,Zn(CH3)2,9,
Trimethylenecycopropane,0,C6H6,9,
bromobenzene,0,C6H5Br,9,
Bibenzyl,0,C14H14,9,
Dewar Benzene,0,C6H6,9,
Silicon monobromide,0,SiBr,9,
Arsenic monoxide,0,AsO,9,
phosphorus sulfide,0,PS,9,
Pyrazine,0,C4H4N2,9,9.63
Cyclopentene,0,C5H8,9.01,9.2
2-Pentene- (Z)-,0,C5H10,9.01,9.22
2-Propanethiol- 2-methyl-,0,C(CH3)3SH,9.03,
1-2-Butadiene,0,CH2CCHCH3,9.03,9.33
fluoromethyl radical,0,CH2F,9.04,
1-4-Hexadiene- (Z)-,0,C6H10,9.04,
2-Pentene- (E)-,0,C5H10,9.04,9.23
methyl amine,0,CH3NH2,9.04,
Thiirane,0,C2H4S,9.05,9.05
3-Penten-1-yne- (E)-,0,C5H6,9.05,9.11
3-methylenepentane,0,C6H12,9.06,
1-2-dichlorobenzene,0,C6H4Cl2,9.06,
2-3-dimethylbut-1-ene,0,C6H12,9.07,
(E)-Hexa-1-5-diyne-3-ene,0,C6H4,9.07,
1-3-Butadiene,0,CH2CHCHCH2,9.07,9.07
benzophenone,0,C6H5COC6H5,9.08,
chlorobenzene,0,C6H5Cl,9.08,9.07
Guanidine,0,CH5N3,9.1,
Ammonia Dimer,0,NH3NH3,9.1,
1-3-dichlorobenzene,0,C6H4Cl2,9.1,
2-Butanethiol,0,CH3CH(SH)CH2CH3,9.1,
Cyclopropanone,0,C3H4O,9.1,
Cyclopropanol,0,C3H5OH,9.1,
(Z)-Hexa-1-5-diyne-3-ene,0,C6H4,9.1,
Silicon monophosphide,0,SiP,9.1,
Urea- N-N-dimethyl-,0,N(CH3)2CONH2,9.1,8.96
Dimethyl sulfoxide,0,CH3SOCH3,9.1,9.1
2-Butene- (E)-,0,CH3CHCHCH3,9.1,9.37
dimethylperoxide,0,CH3OOCH3,9.1,9.71
Ethoxy radical,0,CH3CH2O,9.11,
3-Penten-1-yne- (Z)-,0,C5H6,9.11,9.17
2-Butene- (Z)-,0,CH3CHCHCH3,9.11,9.32
Fluoromethylidyne,0,CF,9.11,9.55
1-Propanethiol- 2-methyl-,0,CH2(SH)CH(CH3)CH3,9.12,
1-Butene- 2-methyl-,0,C5H10,9.12,9.15
Methyl phosphine,0,CH3PH2,9.12,9.62
dimethylformamide,0,C3H7NO,9.13,
2-3-Pentadiene,0,C5H8,9.13,9.13
1-Butanethiol,0,C4H9SH,9.14,
sym-tetrazine,0,C2H2N4,9.14,
2-Propanethiol,0,CH3CHSHCH3,9.15,
Oxepane,0,C6H12O,9.15,
Butatriene,0,H2CCCCH2,9.15,
1-4-difluorobenzene,0,C6H4F2,9.16,
Furan- 2-5-dihydro-,0,C4H6O,9.16,
cyclohexanone,0,C6H10O,9.16,
Cyclobutane- methylene-,0,C5H8,9.19,9.35
1-4-Dioxane,0,C4H8O2,9.19,9.4
1-Propanethiol,0,C3H7SH,9.2,
silicon monocarbide,0,SiC,9.2,
Selenium monosulfide,0,SeS,9.2,
Fluorobenzene,0,C6H5F,9.2,9.22
s-Ethyl thioacetate,0,C4H8OS,9.2,9.4
2-Pyrrolidinone,0,C4H7NO,9.2,9.45
Sodium Chloride,0,NaCl,9.2,9.8
Aziridine,0,C2H5N,9.2,9.85
trisilane,0,Si3H8,9.2,9.87
furfural,0,C5H4O2,9.22,
1-Propene- 2-methyl-,0,CH2C(CH3)CH3,9.22,9.41
Propane- 2-methoxy-2-methyl-,0,C5H12O,9.24,9.48
Benzene,0,C6H6,9.24,9.25
adamantane,0,C10H16,9.25,
1-2-Pentadiene,0,C5H8,9.25,9.25
1-Buten-3-yne- 2-methyl-,0,C5H6,9.25,9.3
2H-Pyran- tetrahydro-,0,C5H10O,9.25,9.57
Carbon diselenide,0,CSe2,9.26,
Cyclopentanone,0,C5H8O,9.26,9.3
Pyridine,0,C5H5N,9.26,9.51
Spiropentane,0,C5H8,9.26,9.73
thiomethoxy,0,CH3S,9.26,
Nitric oxide,0,NO,9.26,9.26
1-5-Hexadiene,0,C6H10,9.27,9.59
Bicyclo[3.1.0]hexane,0,C6H10,9.28,
acetophenone,0,CH3COC6H5,9.28,
orthodifluorobenzene,0,C6H4F2,9.29,
methylcyclopropane,0,C4H8,9.3,
Potassium cyanide,0,KCN,9.3,
di-n-propyl ether,0,C3H7OC3H7,9.3,
Thioacetaldehyde,0,CH3CHS,9.3,
Lithium Bromide,0,LiBr,9.3,
Arsenic tetramer,0,As4,9.3,
Beryllium monofluoride,0,BeF,9.3,
Aluminum monobromide,0,AlBr,9.3,
1-2-Ethanedithiol,0,CH2SHCH2SH,9.3,9.35
Octasulfur,0,S8,9.3,9.4
benzoic acid,0,C6H5COOH,9.3,9.47
2-3-Butanedione,0,C4H6O2,9.3,9.57
nitrosomethane,0,CH3NO,9.3,9.68
Ethane- 1-2-dimethoxy-,0,C4H10O2,9.3,9.9
N-methylmethanimine,0,CH2NCH3,9.3,10
Disulfane,0,H2S2,9.3,10.1
Iodine diatomic,0,I2,9.31,9.36
2-Butanone- 3-methyl-,0,C5H10O,9.31,
ethanethiol,0,CH3CH2SH,9.31,
3-Pentanone,0,C5H10O,9.31,
Beryllium atom,0,Be,9.32,
Tetrachloroethylene,0,C2Cl4,9.33,9.5
ethenol,0,CH2CHOH,9.33,
metadifluorobenzene,0,C6H4F2,9.33,
1-3-Diazine,0,C4H4N2,9.33,9.73
3-Hexyne,0,C6H10,9.34,
Phosphorus tetramer,0,P4,9.34,
Cyclobutanone,0,C4H6O,9.35,9.61
Sulfur diatomic,0,S2,9.36,9.55
2-Hexyne,0,C6H10,9.37,
2-Methylpyridine,0,C6H7N,9.37,
Thioformaldehyde,0,H2CS,9.38,9.38
Ethylcyclobutane,0,C6H12,9.38,
1H-Pyrazole,0,C3H4N2,9.38,9.38
2-Pentanone,0,C5H10O,9.38,9.46
Zinc atom,0,Zn,9.39,9.39
H2CN,0,H2CN,9.4,
Gallium monoxide,0,GaO,9.4,
Aluminum monochloride,0,AlCl,9.4,
Zinc monohydride,0,ZnH,9.4,
Benzene trifluoride 123,0,C6H3F3,9.4,
Furan- tetrahydro-,0,C4H8O,9.4,9.74
Methyl propyl ether,0,C4H10O,9.41,9.73
Oxalamide,0,C2H4N2O2,9.41,9.8
Urea- N-N'-dimethyl-,0,NH(CH3)CONH(CH3),9.42,9.23
Cyclobutene,0,C4H6,9.43,9.43
1-Methylcyclopropene,0,C4H6,9.43,9.43
Methanethiol,0,CH3SH,9.44,9.44
hex-1-ene,0,C6H12,9.44,9.65
borane ammonia,0,BH3NH3,9.44,10.33
Propane- 2-methoxy-,0,C4H10O,9.45,
Propane- 1-ethoxy-,0,C5H12O,9.45,
Aluminum monoxide,0,AlO,9.46,
Trichloroethylene,0,CHClCCl2,9.46,9.6
Ethene- 1-2-dibromo-- (E)-,0,CHBrCHBr,9.47,
Sulfur dichloride,0,SCl2,9.47,
1-pentene,0,CH2CHCH2CH2CH3,9.49,
3-Pyridinol,0,C5H5NO,9.5,
benzaldehyde,0,C6H5CHO,9.5,
hexatriyne,0,C6H2,9.5,
Aluminum sulfide,0,AlS,9.5,
Titanium dioxide,0,TiO2,9.5,
ketenyl radical,0,HCCO,9.5,
Acrylamide,0,CH2CHCONH2,9.5,10
Ethoxy ethane,0,C4H10O,9.51,9.61
2-Butanone,0,CH3COCH2CH3,9.52,9.56
Dimethylnitroamine,0,C2H6N2O2,9.53,
Butane- 1-methoxy-,0,C5H12O,9.54,
methyl iodide,0,CH3I,9.54,
1-Butene,0,CH2CHCH2CH3,9.55,9.77
Cyclobutanol,0,C4H8O,9.56,
sulfur monochloride,0,SCl,9.57,
lithium chloride,0,LiCl,9.57,10.01
Carbon sulfide selenide,0,SCSe,9.58,
1-Buten-3-yne,0,C2H3CCH,9.58,
2-Butyne,0,CH3CCCH3,9.58,9.79
Nitrogen dioxide,0,NO2,9.59,11.23
2-methylbutyraldehyde,0,C5H10O,9.59,
2-Oxetanone- 4-methylene-,0,C4H4O2,9.6,
Methylenecyclopropane,0,C4H6,9.6,
4-Cyclopentene-1-3-dione,0,C5H4O2,9.6,
Sulfur pentafluoride,0,SF5,9.6,
phosphorus monofluoride,0,PF,9.6,9.74
Ketene,0,CH2CO,9.62,9.64
1-4-Pentadiene,0,C5H8,9.62,9.72
Ethene- 1-2-dibromo-- (Z)-,0,CHBrCHBr,9.63,
Ethene- 1-2-dichloro-- (E)-,0,CHClCHCl,9.64,9.8
Arsenic monohydride,0,AsH,9.64,
(E)-diazine,0,N2H2,9.65,
Decane,0,C10H22,9.65,
Bicyclo[1.1.1]pentane,0,C5H8,9.65,
difluorodichloroethylene,0,CF2CCl2,9.65,
1-1-Dimethoxyethane,0,C4H10O2,9.65,
Oxetane,0,C3H6O,9.65,9.68
Disulfur dichloride,0,ClSSCl,9.66,
Urea- methyl-,0,C2H6N2O,9.66,9.66
Ethene- 1-2-dichloro-- (Z)-,0,CHClCHCl,9.66,9.8
cyclopropene,0,C3H4,9.67,9.86
2-Propen-1-ol,0,C3H6O,9.67,10.22
Thiophosgene,0,Cl2CS,9.68,
Sulfur trimer,0,S3,9.68,
Acetamide,0,CH3CONH2,9.69,10
allene,0,CH2CCH2,9.69,10.2
β–Propiolactone,0,C3H4O2,9.7,
Cyclopentane- methyl-,0,C6H12,9.7,
Urea,0,NH2CONH2,9.7,10.28
Diborane(4) C2V,0,HBHHBH,9.7,10.4
Methane- dimethoxy-,0,C3H8O2,9.7,10.42
Acetone,0,CH3COCH3,9.7,9.8
Nonane,0,C9H20,9.71,
Propanal- 2-methyl-,0,CHOCH(CH3)CH3,9.71,9.82
Cyclopentanol,0,C5H10O,9.72,
hexanal,0,C6H12O,9.72,
Ethane- methoxy-,0,CH3OC2H5,9.72,9.72
phenyl cyanide,0,C6H5CN,9.73,
Aluminum monofluoride,0,AlF,9.73,
Propene,0,CH2CHCH3,9.73,9.91
Pentanal,0,C5H10O,9.74,
Propellane,0,C5H6,9.74,
disilane,0,Si2H6,9.74,10.53
2-Butanol- 3-methyl-,0,C5H12O,9.75,
cyclooctane,0,C8H16,9.75,
cis-2-butenal,0,C4H6O,9.75,
2-Butenal,0,CHOCHCHCH3,9.75,9.86
Selenium atom,0,Se,9.75,
3-Pentanol,0,C5H12O,9.76,
Norbornane,0,C7H12,9.77,
Boron monohydride,0,BH,9.77,
1-1-dibromoethene,0,C2H2Br2,9.78,
2-Pentanol,0,C5H12O,9.78,10.27
4-Pyridinol,0,C5H5NO,9.8,
hexafluorobenzene,0,C6F6,9.8,
Octane,0,C8H18,9.8,
tetramethylsilane,0,Si(CH3)4,9.8,
boron dihydride,0,BH2,9.8,
1H-1-2-4-Triazole,0,C2H3N3,9.8,10.1
1-3-5-Triazine,0,C3H3N3,9.8,10.51
cyclobutane,0,C4H8,9.8,10.7
methyl azide,0,CH3N3,9.81,
Ethene- 1-1-dichloro-,0,CH2CCl2,9.81,10
Arsenic atomic,0,As,9.82,
vinyl bromide,0,C2H3Br,9.82,
Butanal,0,CHOCH2CH2CH3,9.82,9.85
Phosphino radical,0,PH2,9.82,
N-methylformamide,0,HCONHCH3,9.83,
Methyl radical,0,CH3,9.84,9.84
Selenium monohydride,0,HSe,9.85,
chloramine,0,NH2Cl,9.85,
(Z)-1-Chloro-2-fluoroethene,0,CHFCHClz,9.86,
1-Butanol- 2-methyl-,0,C5H12O,9.86,
1-Butyne- 3-3-dimethyl-,0,C6H10,9.86,10.21
Cyclopropane,0,C3H6,9.86,10.54
Phosphine,0,PH3,9.87,10.59
(E)-1-chloro-2-fluoroethene,0,CHFCHCl,9.87,
borazine,0,B3N3H6,9.88,
2-Butanol- (.+/-.)-,0,C4H10O,9.88,10.23
Cyclohexane,0,C6H12,9.88,10.32
Hydrogen selenide,0,H2Se,9.89,
dichloroacetylene,0,C2Cl2,9.9,
pentaborane9,0,B5H9,9.9,
Crotonic Acid,0,C4H6O2,9.9,
cycloheptane,0,C7H14,9.9,
trimethylsilane,0,SiH(CH3)3,9.9,
1-3-Dioxolane,0,C3H6O2,9.9,10.1
Oxazole,0,C3H3NO,9.9,10.15
Sulfurous acid- dimethyl ester,0,C2H6O3S,9.9,10.25
Ethanol- 1-1-dimethyl-,0,C4H10O,9.9,10.26
Phosphorus trichloride,0,PCl3,9.9,10.52
2-Propenoic acid- methyl ester,0,C4H6O2,9.9,10.74
Gallium monochloride,0,GaCl,9.91,10.07
Isothiocyanic acid,0,HNCS,9.92,
2-methylhexane,0,C7H16,9.93,
heptane,0,C7H16,9.93,
Nitrobenzene,0,C6H5NO2,9.94,9.86
Propanal,0,CH3CH2CHO,9.96,9.96
Isoxazole,0,C3H3NO,9.96,10.2
Methanimine,0,CH2NH,9.97,10.7
dichloroamine,0,NHCl2,9.98,10.52
Silicon trifluoride radical,0,SiF3,9.99,
Ethene- chloro-,0,CH2CHCl,9.99,10.2
1-Butanol,0,C4H10O,9.99,10.43
2H-Tetrazole- 2-methyl-,0,C2H4N4,10,
Arsenic diatomic,0,As2,10,
Acetaldoxime,0,CH3CHNOH,10,10.2
1-Pentanol,0,C5H12O,10,10.38
hydroxylamine,0,NH2OH,10,10.64
Ethyl acetate,0,C4H8O2,10.01,10.45
1-Propanol- 2-methyl-,0,C4H10O,10.02,10.47
Dimethyl ether,0,CH3OCH3,10.03,10.1
1-Hexyne,0,C6H10,10.03,
Pentane- 2-methyl-,0,C6H14,10.04,
Pentane- 3-methyl-,0,C6H14,10.04,
Butane- 2-3-dimethyl-,0,C6H14,10.04,
1-Propene- 3-chloro-,0,C3H5Cl,10.05,
Arsine,0,AsH3,10.06,
Fluoromethylene,0,HCF,10.06,
Butane- 2-2-dimethyl-,0,C6H14,10.07,
Ammonia,0,NH3,10.07,10.82
Carbon disulfide,0,CS2,10.07,10.09
Iodine monochloride,0,ICl,10.08,
sulfur difluoride,0,SF2,10.08,
Ammonia-d3,0,ND3,10.08,
Nitrosyl hydride,0,HNO,10.1,
nitrogen trichloride,0,NCl3,10.1,
Phosphorus tribromide,0,PBr3,10.1,
Monosulfur monofluoride,0,SF,10.1,
borane phosphine,0,BH3PH3,10.1,
trioxolane124,0,C2H4O3,10.1,
1-pentyne,0,C5H8,10.1,
beryllium oxide,0,BeO,10.1,
2H-Azirine,0,CHNCH2,10.1,10.58
formaldoxime,0,CH2NOH,10.11,
dibromomethylene,0,CBr2,10.11,
Hexanoic acid,0,C6H12O2,10.12,
Hexane,0,C6H14,10.13,
Trifluoroethylene,0,C2HF3,10.14,
Tetrafluoroethylene,0,C2F4,10.14,10.69
phosphorus monohydride,0,PH,10.15,
Ethene- 1-2-difluoro-- (E)-,0,C2H2F2,10.15,
formamide,0,CHONH2,10.16,
1-2-Ethanediol,0,C2H6O2,10.16,10.55
Butanoic acid,0,C4H8O2,10.17,
Diacetylene,0,C4H2,10.17,
Isopropyl alcohol,0,CH3CHOHCH3,10.17,10.44
1-Butyne,0,CHCCH2CH3,10.18,
Nitrosyl bromide,0,BrNO,10.19,
Hydrogen sulfide-d2,0,D2S,10.2,
Germanium dichloride,0,GeCl2,10.2,
boron monochloride,0,BCl,10.2,
Ethene- 1-2-difluoro-- (Z)-,0,C2H2F2,10.2,
Ethanedial,0,C2H2O2,10.2,10.6
Urethane,0,NH2COOC2H5,10.2,10.62
Phosphorus pentachloride,0,PCl5,10.2,10.7
Propylene oxide,0,C3H6O,10.22,10.44
1-Propanol,0,C3H7OH,10.22,10.51
Acetaldehyde,0,CH3CHO,10.23,10.24
Isopropyl nitrite,0,CH3CH(CH3)ONO,10.23,
(E)-2-Butenenitrile,0,C4H5N,10.23,
3-butyn-2-one,0,CH3COCCH,10.25,
Cyclopropanecarbonitrile,0,C4H5N,10.25,
methyl acetate,0,CH3COOCH3,10.25,10.5
trifluoroiodomethane,0,CF3I,10.28,
Pentane,0,C5H12,10.28,10.9
Ethyl bromide,0,C2H5Br,10.29,
Ethene- 1-1-difluoro-,0,CH2CF2,10.29,10.7
Sulfur monoxide,0,SO,10.29,
Germanium monocarbide,0,GeC,10.3,
1H-Tetrazole- 1-methyl-,0,C2H4N4,10.3,
diazirine,0,CH2NN,10.3,
dimethylsilane,0,SiH2(CH3)2,10.3,
Propane- 2-2-dimethyl-,0,C5H12,10.3,
1-3-5-Trioxane,0,C3H6O3,10.3,10.8
Carbon tetrabromide,0,CBr4,10.31,
bromoacetylene,0,HCCBr,10.31,
Butane- 2-methyl-,0,C5H12,10.32,10.94
1-3-Dioxane,0,C4H8O2,10.33,
Chlorine dioxide,0,OClO,10.33,10.5
Cyclopentane,0,C5H10,10.33,11.01
Propyl nitrite,0,C3H7ONO,10.34,
Ethane- 1-2-dibromo-,0,CH2BrCH2Br,10.35,
Dichlorosilylene,0,SiCl2,10.35,10.35
propyne,0,CH3CCH,10.36,10.37
Ethene- fluoro-,0,CH2CHF,10.36,10.63
Sulfur atom,0,S,10.36,
Carbonyl selenide,0,OCSe,10.37,
Hydrogen iodide,0,HI,10.39,
methyl hypochlorite,0,CH3OCl,10.39,
Methylene,0,CH2,10.4,
cyanamide,0,NH2CN,10.4,
Ethylene carbonate,0,C2H4CO3,10.4,
dibromodichloromethane,0,CBr2Cl2,10.4,10.67
dibromomethane,0,CH2Br2,10.41,
Thio-thionyl fluoride,0,S2F2,10.41,
Disulfur dinitride,0,S2N2,10.41,10.51
Diboron tetrachloride,0,B2Cl4,10.42,
Mercapto-d,0,DS,10.42,
Mercapto radical,0,HS,10.42,
Methyl nitrite,0,CH3ONO,10.44,
Iodine atom,0,I,10.45,
Hydrogen sulfide,0,H2S,10.46,10.5
Bromine monoxide,0,BrO,10.46,
Pentane- 1-chloro-,0,C5H11Cl,10.47,
chloroacetaldehyde,0,CH2ClCHO,10.48,10.61
Ethanol,0,CH3CH2OH,10.48,10.64
Phosphorus atom,0,P,10.49,
Potassium Chloride,0,KCl,10.5,
Arsenic monophosphide,0,AsP,10.5,
Carbon monophosphide,0,CP,10.5,
bromoform,0,CHBr3,10.5,
2-Chloroethanol,0,CH2ClCH2OH,10.5,
difluoromethyl radical,0,CHF2,10.5,
dichloroacetaldehyde,0,CHCl2CHO,10.5,10.83
2-Propyn-1-ol,0,C3H4O,10.51,
Oxamic acid,0,C2H3NO3,10.51,
Ethylene,0,C2H4,10.51,10.68
Bromine diatomic,0,Br2,10.52,
silicon monosulfide,0,SiS,10.53,
Phosphorus diatomic,0,P2,10.53,10.62
Butane,0,CH3CH2CH2CH3,10.53,11.09
Iodine monofluoride,0,IF,10.54,
methyl bromide,0,CH3Br,10.54,
Ethylene oxide,0,C2H4O,10.56,10.57
Butane- 2-chloro-,0,CH3CHClCH2CH3,10.57,10.72
Propane- 2-chloro-2-methyl-,0,CH3CCl(CH3)CH3,10.58,10.69
Hydrogen peroxide,0,H2O2,10.58,11.7
Disulfur monoxide,0,SSO,10.58,10.58
Methane- bromodichloro-,0,CHBrCl2,10.59,
Chloroacetylene,0,HCCCl,10.6,
Nitrogen sulfide,0,NNS,10.6,
Bromine nitrate,0,BrONO2,10.6,
2-Propenoic acid,0,C3H4O2,10.6,10.78
Carbon suboxide,0,C3O2,10.61,
Ethyl formate,0,HCOOC2H5,10.61,10.61
Silicon tetrabromide,0,SiBr4,10.62,
Difluorodisulfane,0,FSSF,10.62,
Methylidyne,0,CH,10.64,
Butane- 1-chloro-,0,CH2ClCH2CH2CH3,10.64,10.84
Hypobromous acid,0,HOBr,10.64,
Acetic acid,0,CH3COOH,10.65,10.84
fluorotribromomethane,0,CFBr3,10.67,
methylisocyante,0,CH3NCO,10.67,
Isobutane,0,CH3CH(CH3)CH3,10.68,11.13
thiocyanato radical,0,SCN,10.69,
Gallium monofluoride,0,GaF,10.7,
Copper monochloride,0,CuCl,10.7,
1-chloro-1-fluoroethylene,0,C2H2ClF,10.7,
dichlorodimethylsilane,0,SiCl2(CH3)2,10.7,10.99
methyl silane,0,CH3SiH3,10.7,11.6
Methoxy radical,0,CH3O,10.72,
hydrogen azide,0,HN3,10.72,10.72
Methoxyacetonitrile,0,CH3OCH2CN,10.75,
Tetraborane(10),0,B4H10,10.76,
Methane- bromochloro-,0,CH2BrCl,10.77,
Propane- 2-chloro-,0,CH3CHClCH3,10.78,
Silicon difluoride,0,SiF2,10.78,11.08
Amino radical,0,NH2,10.78,12
HCP,0,HCP,10.79,
dibromofluoromethane,0,CHBr2F,10.8,
Copper monofluoride,0,CuF,10.8,
Aresenic dioxide,0,AsO2,10.8,
Carbon monoselenide,0,CSe,10.8,
Carbonic dibromide,0,COBr2,10.8,11
Propane- 1-2-dichloro-,0,CH2ClCHClCH3,10.8,11.06
Dinitrogen tetroxide,0,N2O4,10.8,11.4
Propane- 1-chloro-,0,CH2ClCH2CH3,10.82,10.88
Acetyl Chloride,0,CH3COCl,10.82,11.03
fulminic acid,0,HCNO,10.83,
monofluoroamine,0,NH2F,10.83,11.62
methyl formate,0,CH3OCHO,10.84,11
nitrogen monochloride,0,NCl,10.84,
Methyl alcohol,0,CH3OH,10.84,10.96
Vinyloxy radical,0,CH2CHO,10.85,
Cyanogen iodide,0,ICN,10.87,
tetrafluoroallene,0,F2CCCF2,10.88,11.24
Formaldehyde,0,H2CO,10.89,10.88
Monochlorine monoxide,0,ClO,10.89,11.01
Calcium Chloride,0,CaCl2,10.9,
Nitrosyl chloride,0,ClNO,10.9,
trichloroacetaldehyde,0,CCl3CHO,10.9,10.88
Oxalyl chloride,0,ClCOClCO,10.91,
Dichlorine monoxide,0,Cl2O,10.91,11.02
acrylonitrile,0,C3H3N,10.91,11.1
Propane,0,C3H8,10.94,11.51
1H-Tetrazole,0,CH2N4,10.95,11.3
Ethyl chloride,0,CH3CH2Cl,10.98,11.06
fluorochlorobromomethane,0,CHFClBr,10.98,11.13
methyl germane,0,GeH3CH3,11,
Ethane- 1-1-1-trichloro-,0,CH3CCl3,11,11.25
1-1-2-trichloroethane,0,CH2ClCHCl2,11,11.48
Silane,0,SiH4,11,12.3
bromosilane,0,SiH3Br,11.03,
Methane- dibromodifluoro-,0,CBr2F2,11.03,
1-4-Dichlorobutane,0,C4H8Cl2,11.03,
Ethane- 1-1-dichloro-,0,CH3CHCl2,11.04,11.23
Chlorine nitrate,0,ClONO2,11.04,11.56
azide radical,0,N3,11.06,
Ethane- 1-2-dichloro-,0,CH2ClCH2Cl,11.07,11.4
2-Fluoropropane,0,CH3CHFCH3,11.08,
Methane- nitro-,0,CH3NO2,11.08,11.29
Bromine monochloride,0,BrCl,11.1,
Germanium monoxide,0,GeO,11.1,
hydrogen boron sulfide,0,HBS,11.1,11.21
Boron monofluoride,0,BF,11.12,
hypochlorous acid,0,HOCl,11.12,
Borane carbonyl,0,BH3CO,11.14,11.92
Fumaronitrile,0,C4H2N2,11.16,11.3
difluoroacetylene,0,C2F2,11.18,
Carbonyl sulfide,0,OCS,11.18,11.19
Oxalic Acid,0,C2H2O4,11.2,
Arsenous trichloride,0,AsCl3,11.2,
Butanenitrile,0,CH3CH2CH2CN,11.2,11.74
Methane- bromochlorodifluoro-,0,CBrClF2,11.21,
water dimer,0,H2OH2O,11.21,
Nitric acid- ethyl ester,0,C2H5NO3,11.22,
Fluoroacetylene,0,HCCF,11.26,
Methyl chloride,0,CH3Cl,11.26,11.29
Carbon atom,0,C,11.26,
lithium fluoride,0,LiF,11.3,
Nitrous acid,0,HNO2,11.3,
methyl chloride d3,0,CD3Cl,11.3,
Propanenitrile- 2-methyl-,0,CH3CH(CH3)CN,11.3,11.74
1-Fluoropropane,0,CH2FCH2CH3,11.3,11.96
carbon monosulfide,0,CS,11.33,
Methylene chloride,0,CH2Cl2,11.33,11.4
Formic acid,0,HCOOH,11.33,11.5
Hydroperoxy radical,0,HO2,11.35,11.54
methyltrichlorosilane,0,SiCl3CH3,11.36,
Chloroform,0,CHCl3,11.37,11.5
Diborane,0,B2H6,11.38,
Phosphorus trifluoride,0,PF3,11.38,12.2
Dinitrogen pentoxide,0,N2O5,11.4,
Carbon diatomic,0,C2,11.4,
Bromotrifluoromethane,0,CF3Br,11.4,
Acetylene,0,C2H2,11.4,11.49
Sulfuryl chloride,0,SO2Cl2,11.4,12.41
Difluoromethylene,0,CF2,11.44,
Amidogen-d2,0,ND2,11.45,
Carbon tetrachloride,0,CCl4,11.47,11.69
Chlorine diatomic,0,Cl2,11.48,11.49
Silicon monoxide,0,SiO,11.49,
Selenium dioxide,0,SeO2,11.5,
trifluoroacetic acid,0,CF3COOH,11.5,
Phosphorus oxychloride,0,OPCl,11.5,11.7
Phosphoryl chloride,0,Cl3PO,11.5,11.89
Thiazyl fluoride,0,FSN,11.51,
Formyl chloride,0,COHCl,11.51,
Acetyl fluoride,0,CH3COF,11.51,
Gallium trichloride,0,GaCl3,11.52,
Ethane,0,C2H6,11.52,11.99
methyl isocyanide,0,CH3NC,11.53,
Methyl nitrate,0,CH3NO3,11.53,
Phosgene,0,CCl2O,11.55,11.84
Magnesium dichloride,0,MgCl2,11.58,
Isocyanic acid,0,HNCO,11.6,
difluoramine,0,NHF2,11.6,12.38
Ethynyl radical,0,C2H,11.61,
Cyanoacetylene,0,HCCCN,11.62,
Difluoroamino radical,0,NF2,11.63,12.1
Borane- trichloro-,0,BCl3,11.64,11.64
Titanium tetrachloride,0,TiCl4,11.65,
hydrogen bromide,0,HBr,11.68,
Trichloromonofluoromethane,0,CFCl3,11.68,11.76
dichlorosilane,0,SiH2Cl2,11.7,
fluorochloromethane,0,CH2FCl,11.74,
fluorodichloromethane,0,CHFCl2,11.75,
Zinc dichloride,0,ZnCl2,11.75,
isocyanato radical,0,NCO,11.76,
Tetracyanoethylene,0,C6N4,11.77,
fluoroethane,0,C2H5F,11.78,
Silane- tetrachloro-,0,SiCl4,11.79,
dibromochlorofluoromethane,0,CBr2ClF,11.8,
2-Butynedinitrile,0,C4N2,11.81,11.84
Bromine atom,0,Br,11.81,
Nitryl chloride,0,ClNO2,11.84,
ethyl cyanide,0,C2H5CN,11.85,
Bromine monofluoride,0,BrF,11.86,
1-2-difluoroethane,0,C2H4F2,11.87,
Ethane- 1-1-difluoro-,0,CH3CHF2,11.87,12.8
Phosphorus mononitride,0,PN,11.88,
Phosphorus dioxide,0,PO2,11.9,
Borane- dichloro-,0,BHCl2,11.91,
Nitric acid,0,HNO3,11.95,12.2
Ethane- 1-1-2-trichloro-1-2-2-trifluoro-,0,CF2ClCFCl2,11.99,
Cyanogen bromide,0,BrCN,12,
chlorofluoromethylene,0,CFCl,12,
Sulfur tetrafluoride,0,SF4,12,
difluorodichloromethane,0,CF2Cl2,12,12.24
Aluminum trichloride,0,AlCl3,12.01,12.01
boron trihydride,0,BH3,12.03,
Oxygen diatomic,0,O2,12.07,12.3
Succinonitrile,0,C4H4N2,12.1,
nitrogen fluoride,0,NF,12.1,12.63
Xenon atom,0,Xe,12.13,12.13
Bromine trifluoride,0,BrF3,12.15,
Acetonitrile,0,CH3CN,12.2,12.46
Diboron tetrafluoride,0,B2F4,12.23,
Thionyl Fluoride,0,F2SO,12.25,
difluorochloromethane,0,CHF2Cl,12.28,
Arsenic trifluoride,0,AsF3,12.3,
Sulfur tetrafluoride oxide,0,SOF4,12.3,12.8
sulfur chloropentafluoride,0,SF5Cl,12.34,
Sulfur dioxide,0,SO2,12.35,12.5
chlorocyanogen,0,ClCN,12.36,
formyl fluoride,0,HFCO,12.37,
Sulfuric acid,0,H2SO4,12.4,
Chloryl fluoride,0,ClO2F,12.41,
hydrogen isocyanide,0,HNC,12.5,
Methyl fluoride,0,CH3F,12.5,13.04
Ozone,0,O3,12.53,12.73
Carbon tetramer,0,C4,12.54,
Nitrogen trioxide,0,NO3,12.57,
Dioxygen monofluoride radical,0,FO2,12.6,
pentafluorochloroethane,0,CF3CF2Cl,12.6,12.96
Methane- chlorotrifluoro-,0,CF3Cl,12.6,13.08
Methane,0,CH4,12.61,13.6
Water,0,H2O,12.62,12.6
Water-d1,0,HDO,12.63,
Deuterium oxide,0,D2O,12.64,
Nitrosyl fluoride,0,FNO,12.65,
Chlorine trifluoride,0,ClF3,12.65,13.05
methane-d4,0,CD4,12.66,
Chlorine monofluoride,0,ClF,12.66,12.77
methylfluoride-d3,0,CD3F,12.67,
Copper difluoride,0,CuF2,12.7,
Hypofluorous acid,0,HOF,12.71,
Methane- difluoro-,0,CH2F2,12.71,13.27
Hydrogen chloride,0,HCl,12.74,
Hydrochloric acid-d,0,DCl,12.76,
Phosphoryl fluoride,0,F3PO,12.76,
Oxygen monofluoride,0,FO,12.77,
Dinitrogen difluoride- (E)-,0,N2F2,12.8,
Sulfur trioxide,0,SO3,12.8,
Malononitrile,0,C3H2N2,12.8,
Nitrous oxide,0,N2O,12.89,12.89
Germanium difluoride,0,GeF2,12.9,
Nitrogen trifluoride,0,NF3,12.94,13.6
Perchloryl fluoride,0,ClFO3,12.95,
Chlorine atom,0,Cl,12.97,
carbon trimer,0,C3,13,
Trifluoromethylhypofluorite,0,CF3OF,13,
monofluorosilane,0,SiH3F,13,12.6
Hydroxyl radical,0,OH,13.02,13.02
Hydroxyl-d,0,DO,13.03,
Sulfuryl fluoride,0,SO2F2,13.04,
Carbonic difluoride,0,CF2O,13.04,13.6
Krypton difluoride,0,KrF2,13.06,13.34
Nitryl fluoride,0,FNO2,13.09,
Imidogen,0,NH,13.1,13.49
Difluorine monoxide,0,F2O,13.11,13.26
bromine pentafluoride,0,BrF5,13.17,
Ethane- 1-1-1-trifluoro-,0,CH3CF3,13.26,13.8
boron monoxide,0,BO,13.3,
Nitrogen trifluoride oxide,0,F3NO,13.31,
Cyanogen fluoride,0,FCN,13.34,
Cyanogen,0,C2N2,13.37,13.51
Diboron dioxide,0,B2O2,13.37,13.61
perfluoropropane,0,C3F8,13.38,
Cyano radical,0,CN,13.6,
Hydrogen atom,0,H,13.6,
Magnesium fluoride,0,MgF2,13.6,
pentafluoroethane,0,CF3CHF2,13.6,
Difluoroborane,0,BHF2,13.6,13.6
Hydrogen cyanide,0,HCN,13.6,13.61
hexafluoroethane,0,C2F6,13.6,14.4
Deuterium atom,0,D,13.6,
Oxygen atom,0,O,13.62,
Carbon dioxide,0,CO2,13.78,13.78
Methane- trifluoro-,0,CHF3,13.86,15.5
Zinc difluoride,0,ZnF2,13.91,
Acetonitrile- trifluoro-,0,CF3CN,13.93,14.3
Krypton atom,0,Kr,14,
Boron dioxide,0,BO2,14,
Carbon monoxide,0,CO,14.01,14.01
Beryllium fluoride,0,BeF2,14.5,
Argon diatomic,0,Ar2,14.5,15.55
Nitrogen atom,0,N,14.53,
Carbon tetrafluoride,0,CF4,14.7,
Arsenic pentafluoride,0,AsF5,15,15.53
Silicon tetrafluoride,0,SiF4,15.24,16.4
Sulfur Hexafluoride,0,SF6,15.32,
Hydrogen diatomic,0,H2,15.43,
Deuterium hydride,0,HD,15.44,
Deuterium diatomic,0,D2,15.47,
Germanium tetrafluoride,0,GeF4,15.5,
Nitrogen diatomic,0,N2,15.58,15.58
Fluorine diatomic,0,F2,15.7,15.7
Borane- trifluoro-,0,BF3,15.7,15.96
Argon atom,0,Ar,15.76,15.76
Hydrogen fluoride,0,HF,16.03,16.12
Hydrofluoric acid-d,0,DF,16.06,
Fluorine atom,0,F,17.42,
Neon diatomic,0,Ne2,20.33,
Neon atom,0,Ne,21.56,21.56
Chlorine atom cation,1,Cl+,23.81,23.81
Helium atom,0,He,24.59,24.59
Fluorine atom cation,1,F+,34.97,34.97
Oxygen atom cation,1,O+,35.12,35.12
